Vinicius;BHZ;REC;2 dias;1 estrelas;R$ 6276
Bruno;BHZ;SAO;1 dias;5 estrelas;R$ 2220
Vinicius;FOR;SSA;3 dias;3 estrelas;R$ 8040
Thiago;POA;MAO;2 dias;4 estrelas;R$ 6375
Felipe;SSA;NAT;5 dias;2 estrelas;R$ 7966
Gustavo;FOR;CWB;1 dias;5 estrelas;R$ 3334
Larissa;MAO;POA;3 dias;2 estrelas;R$ 6736
Juliana;FOR;MAO;1 dias;3 estrelas;R$ 7377
Mateus;FOR;SSA;1 dias;4 estrelas;R$ 9579
Fernando;BSB;RIO;2 dias;2 estrelas;R$ 3344
Fernando;CWB;PMW;5 dias;3 estrelas;R$ 2190
Rodrigo;REC;PMW;2 dias;5 estrelas;R$ 9233
Manuela;PMW;MAO;3 dias;3 estrelas;R$ 9294
Eduardo;POA;MAO;3 dias;3 estrelas;R$ 9918
Manuela;SSA;VIX;3 dias;3 estrelas;R$ 1359
Gustavo;PMW;REC;1 dias;5 estrelas;R$ 7798
Fernando;VIX;REC;5 dias;1 estrelas;R$ 6892
Eduardo;SSA;FOR;2 dias;4 estrelas;R$ 3866
Vinicius;POA;FOR;3 dias;5 estrelas;R$ 7713
Davi;RIO;SSA;4 dias;4 estrelas;R$ 9801
Maria;POA;PMW;3 dias;2 estrelas;R$ 4291
Clara;PMW;MAO;2 dias;4 estrelas;R$ 8879
Larissa;PMW;MAO;2 dias;1 estrelas;R$ 4518
Gustavo;BHZ;BSB;3 dias;2 estrelas;R$ 4652
Gustavo;PMW;FOR;4 dias;4 estrelas;R$ 2237
Leonardo;RIO;NAT;3 dias;4 estrelas;R$ 1946
Camila;MAO;FOR;3 dias;2 estrelas;R$ 6220
Gustavo;REC;VIX;1 dias;3 estrelas;R$ 5191
Davi;REC;SAO;1 dias;3 estrelas;R$ 6860
Larissa;NAT;BHZ;1 dias;4 estrelas;R$ 2070
Davi;NAT;FOR;3 dias;4 estrelas;R$ 7730
Natalia;RIO;POA;5 dias;3 estrelas;R$ 6639
Larissa;BHZ;BSB;1 dias;2 estrelas;R$ 6803
Gustavo;SSA;MAO;2 dias;5 estrelas;R$ 5187
Sophia;REC;NAT;4 dias;5 estrelas;R$ 9195
Vinicius;MAO;FOR;5 dias;1 estrelas;R$ 4190
Vitor;REC;SSA;5 dias;2 estrelas;R$ 3759
Davi;REC;BSB;2 dias;5 estrelas;R$ 9608
Beatriz;BHZ;BSB;2 dias;2 estrelas;R$ 3158
Vitor;VIX;REC;1 dias;4 estrelas;R$ 3280
Larissa;BSB;POA;2 dias;1 estrelas;R$ 6676
Felipe;SSA;MAO;3 dias;2 estrelas;R$ 9405
Vitor;RIO;SSA;4 dias;2 estrelas;R$ 5741
Vinicius;NAT;REC;5 dias;2 estrelas;R$ 8155
Isadora;BSB;SSA;1 dias;2 estrelas;R$ 9391
Rodrigo;BHZ;MAO;4 dias;4 estrelas;R$ 7859
Gabriel;SSA;MAO;4 dias;1 estrelas;R$ 4391
Laura;REC;SSA;5 dias;2 estrelas;R$ 1902
Gabriel;SSA;BSB;2 dias;5 estrelas;R$ 6923
Gustavo;CWB;FOR;3 dias;3 estrelas;R$ 8822
Rodrigo;SSA;FOR;5 dias;1 estrelas;R$ 8822
Larissa;POA;SAO;1 dias;1 estrelas;R$ 7473
Bruno;PMW;NAT;5 dias;1 estrelas;R$ 7614
Fernando;REC;BHZ;3 dias;1 estrelas;R$ 8063
Vinicius;REC;BHZ;1 dias;5 estrelas;R$ 3187
Anna;MAO;NAT;5 dias;3 estrelas;R$ 6866
Sophia;BSB;POA;3 dias;4 estrelas;R$ 5356
Laura;SAO;REC;3 dias;2 estrelas;R$ 4785
Mariana;NAT;MAO;3 dias;3 estrelas;R$ 1427
Mateus;BSB;MAO;1 dias;4 estrelas;R$ 8203
Mariana;MAO;BSB;3 dias;1 estrelas;R$ 5752
Natalia;CWB;BSB;5 dias;5 estrelas;R$ 6658
Maria;BSB;SSA;3 dias;1 estrelas;R$ 2166
Natalia;MAO;POA;3 dias;4 estrelas;R$ 4040
Gustavo;BSB;CWB;5 dias;3 estrelas;R$ 2356
Thiago;RIO;BSB;3 dias;4 estrelas;R$ 3094
Isabela;PMW;MAO;3 dias;1 estrelas;R$ 9511
Clara;POA;CWB;3 dias;3 estrelas;R$ 1069
Gabriel;VIX;SSA;1 dias;5 estrelas;R$ 7942
Manuela;PMW;RIO;2 dias;4 estrelas;R$ 7842
Fernando;MAO;SAO;3 dias;5 estrelas;R$ 8445
Anna;MAO;BHZ;4 dias;3 estrelas;R$ 4545
Fernando;NAT;FOR;2 dias;4 estrelas;R$ 1401
Lucas;CWB;MAO;2 dias;3 estrelas;R$ 6722
Pedro;FOR;SSA;2 dias;3 estrelas;R$ 7360
Thiago;FOR;RIO;3 dias;5 estrelas;R$ 7941
Mateus;POA;SSA;2 dias;1 estrelas;R$ 3651
Larissa;MAO;BSB;4 dias;1 estrelas;R$ 4071
Lucas;NAT;SAO;4 dias;5 estrelas;R$ 8543
Vinicius;POA;SSA;4 dias;1 estrelas;R$ 2808
Fernando;BHZ;SSA;1 dias;5 estrelas;R$ 7961
Maria;RIO;PMW;4 dias;3 estrelas;R$ 1957
Rafael;SSA;BSB;2 dias;4 estrelas;R$ 6009
Rodrigo;MAO;SAO;1 dias;2 estrelas;R$ 2431
Thiago;BHZ;POA;2 dias;3 estrelas;R$ 4580
Clara;RIO;SAO;3 dias;2 estrelas;R$ 9938
Laura;BHZ;SSA;3 dias;4 estrelas;R$ 8643
Davi;REC;NAT;2 dias;3 estrelas;R$ 6638
Sophia;CWB;NAT;5 dias;4 estrelas;R$ 6703
Rafael;NAT;REC;4 dias;3 estrelas;R$ 5806
Mariana;POA;CWB;3 dias;1 estrelas;R$ 6421
Mariana;VIX;PMW;4 dias;1 estrelas;R$ 8832
Juliana;MAO;REC;4 dias;3 estrelas;R$ 1838
Juliana;PMW;REC;1 dias;3 estrelas;R$ 2750
Gabriel;RIO;MAO;4 dias;4 estrelas;R$ 3407
Isadora;RIO;VIX;2 dias;4 estrelas;R$ 3263
Thiago;CWB;POA;3 dias;3 estrelas;R$ 6615
Anna;NAT;SAO;1 dias;4 estrelas;R$ 4568
Lucas;MAO;CWB;3 dias;3 estrelas;R$ 7910
Lucas;SSA;MAO;1 dias;5 estrelas;R$ 8440
Isabela;SAO;NAT;1 dias;3 estrelas;R$ 7025
Gustavo;CWB;NAT;1 dias;1 estrelas;R$ 1383
Pedro;PMW;SAO;5 dias;3 estrelas;R$ 6920
Natalia;NAT;BHZ;5 dias;3 estrelas;R$ 7775
Thiago;BHZ;BSB;5 dias;1 estrelas;R$ 1551
Manuela;NAT;RIO;2 dias;3 estrelas;R$ 5073
Natalia;RIO;SSA;4 dias;5 estrelas;R$ 2595
Rafael;BHZ;REC;1 dias;5 estrelas;R$ 2302
Bruno;REC;BSB;4 dias;2 estrelas;R$ 9282
Davi;NAT;SSA;1 dias;4 estrelas;R$ 7557
Gabriel;FOR;PMW;1 dias;5 estrelas;R$ 4116
Vitor;FOR;VIX;3 dias;3 estrelas;R$ 4085
Larissa;SAO;RIO;2 dias;2 estrelas;R$ 4010
Felipe;FOR;RIO;5 dias;2 estrelas;R$ 5495
Manuela;NAT;VIX;4 dias;1 estrelas;R$ 6934
Pedro;REC;NAT;5 dias;2 estrelas;R$ 8920
Juliana;MAO;PMW;3 dias;4 estrelas;R$ 5012
Vinicius;POA;BHZ;3 dias;4 estrelas;R$ 4098
Clara;RIO;NAT;3 dias;5 estrelas;R$ 1992
Laura;FOR;SSA;1 dias;4 estrelas;R$ 6782
João;SAO;RIO;4 dias;2 estrelas;R$ 9147
Gustavo;RIO;BSB;5 dias;2 estrelas;R$ 1688
Isabela;MAO;BHZ;5 dias;1 estrelas;R$ 4854
Davi;VIX;MAO;1 dias;3 estrelas;R$ 1807
Natalia;SAO;FOR;3 dias;4 estrelas;R$ 5648
Larissa;PMW;VIX;5 dias;3 estrelas;R$ 6284
Beatriz;MAO;SAO;4 dias;1 estrelas;R$ 5189
Gabriel;REC;BHZ;3 dias;2 estrelas;R$ 3604
Rafael;REC;POA;1 dias;3 estrelas;R$ 3273
Eduardo;FOR;CWB;4 dias;2 estrelas;R$ 9614
Vinicius;SSA;VIX;5 dias;2 estrelas;R$ 3448
Larissa;BHZ;BSB;4 dias;3 estrelas;R$ 2188
Mariana;NAT;SAO;2 dias;2 estrelas;R$ 6017
Sophia;CWB;RIO;2 dias;2 estrelas;R$ 7350
Manuela;PMW;REC;5 dias;4 estrelas;R$ 2236
Clara;SSA;PMW;1 dias;5 estrelas;R$ 6408
Laura;CWB;MAO;1 dias;3 estrelas;R$ 1075
Lucas;SSA;MAO;5 dias;1 estrelas;R$ 8457
Gustavo;BHZ;SSA;5 dias;4 estrelas;R$ 3858
Mateus;MAO;NAT;3 dias;5 estrelas;R$ 9018
Eduardo;BHZ;PMW;2 dias;3 estrelas;R$ 8900
Laura;REC;POA;2 dias;4 estrelas;R$ 5914
João;POA;SSA;5 dias;1 estrelas;R$ 9519
Manuela;BHZ;PMW;1 dias;4 estrelas;R$ 5626
Thiago;MAO;NAT;1 dias;4 estrelas;R$ 1509
Bruno;BSB;SAO;1 dias;4 estrelas;R$ 5241
Sophia;SSA;POA;1 dias;4 estrelas;R$ 9345
Rodrigo;SAO;FOR;4 dias;4 estrelas;R$ 8252
Thiago;RIO;PMW;3 dias;3 estrelas;R$ 8319
Fernando;BHZ;SSA;3 dias;5 estrelas;R$ 8474
Larissa;SAO;VIX;4 dias;4 estrelas;R$ 6841
Juliana;PMW;SSA;1 dias;3 estrelas;R$ 5949
Camila;POA;PMW;2 dias;5 estrelas;R$ 4670
Leonardo;SSA;POA;3 dias;1 estrelas;R$ 8803
Fernando;SAO;SSA;5 dias;1 estrelas;R$ 2693
Isadora;REC;VIX;3 dias;1 estrelas;R$ 9202
Laura;BHZ;REC;5 dias;2 estrelas;R$ 3632
Eduardo;SAO;BSB;3 dias;2 estrelas;R$ 1795
Mariana;MAO;VIX;4 dias;4 estrelas;R$ 5522
Juliana;SSA;RIO;1 dias;5 estrelas;R$ 5801
Gabriel;RIO;NAT;4 dias;3 estrelas;R$ 2792
Gabriel;BHZ;POA;4 dias;5 estrelas;R$ 6367
Camila;SSA;POA;4 dias;3 estrelas;R$ 2661
Vinicius;MAO;SAO;4 dias;1 estrelas;R$ 9525
Gustavo;SAO;CWB;3 dias;4 estrelas;R$ 4358
Juliana;BHZ;REC;2 dias;1 estrelas;R$ 6504
Mariana;MAO;POA;3 dias;4 estrelas;R$ 5591
Pedro;MAO;SAO;1 dias;2 estrelas;R$ 2254
Bruno;SSA;FOR;5 dias;1 estrelas;R$ 6036
Lucas;FOR;POA;5 dias;4 estrelas;R$ 3858
Davi;BHZ;FOR;5 dias;1 estrelas;R$ 1040
Mariana;BHZ;REC;3 dias;4 estrelas;R$ 8825
Vitor;REC;SAO;4 dias;3 estrelas;R$ 2482
Laura;SSA;BHZ;4 dias;5 estrelas;R$ 7244
Fernando;SSA;VIX;1 dias;4 estrelas;R$ 8386
Rodrigo;REC;BHZ;5 dias;3 estrelas;R$ 9590
Larissa;RIO;PMW;1 dias;3 estrelas;R$ 6947
Larissa;SAO;BHZ;3 dias;5 estrelas;R$ 7926
Camila;POA;BSB;5 dias;5 estrelas;R$ 9670
Mateus;NAT;BSB;2 dias;2 estrelas;R$ 1369
Fernando;PMW;SSA;3 dias;4 estrelas;R$ 6781
Sophia;BHZ;CWB;3 dias;1 estrelas;R$ 4577
Mateus;FOR;SSA;2 dias;4 estrelas;R$ 4004
Beatriz;CWB;FOR;3 dias;3 estrelas;R$ 3841
Davi;FOR;SSA;1 dias;2 estrelas;R$ 5165
Fernando;SSA;REC;1 dias;1 estrelas;R$ 5317
Vitor;BHZ;SSA;4 dias;2 estrelas;R$ 5772
Felipe;NAT;MAO;1 dias;1 estrelas;R$ 4847
Gustavo;FOR;MAO;2 dias;3 estrelas;R$ 2379
Laura;CWB;REC;3 dias;3 estrelas;R$ 3090
Juliana;BSB;SSA;3 dias;4 estrelas;R$ 6770
Larissa;FOR;POA;4 dias;1 estrelas;R$ 5855
Felipe;FOR;RIO;3 dias;5 estrelas;R$ 4944
Gabriel;SSA;BSB;3 dias;3 estrelas;R$ 9565
João;CWB;SAO;1 dias;2 estrelas;R$ 1997
Sophia;NAT;CWB;3 dias;5 estrelas;R$ 2212
Thiago;PMW;BHZ;1 dias;1 estrelas;R$ 8785
Lucas;SAO;NAT;3 dias;4 estrelas;R$ 9321
Camila;NAT;MAO;4 dias;5 estrelas;R$ 6641
Vinicius;BSB;SSA;3 dias;1 estrelas;R$ 1226
Larissa;FOR;SAO;1 dias;2 estrelas;R$ 2345
Eduardo;BSB;NAT;4 dias;1 estrelas;R$ 1362
Mariana;PMW;REC;1 dias;1 estrelas;R$ 7514
Isabela;SAO;PMW;4 dias;3 estrelas;R$ 3808
Juliana;RIO;BHZ;3 dias;1 estrelas;R$ 1261
Bruno;POA;BHZ;2 dias;2 estrelas;R$ 2834
Vinicius;MAO;POA;4 dias;3 estrelas;R$ 6212
Bruno;RIO;NAT;3 dias;3 estrelas;R$ 6432
Leonardo;BHZ;SAO;3 dias;4 estrelas;R$ 7724
Laura;SSA;POA;3 dias;4 estrelas;R$ 3933
Gabriel;NAT;SAO;5 dias;3 estrelas;R$ 4695
Bruno;NAT;MAO;5 dias;5 estrelas;R$ 2877
Fernando;NAT;SSA;4 dias;1 estrelas;R$ 3177
Davi;SSA;VIX;4 dias;5 estrelas;R$ 7380
Sophia;PMW;BHZ;4 dias;4 estrelas;R$ 7045
Juliana;SAO;BHZ;4 dias;3 estrelas;R$ 2300
Gabriel;MAO;FOR;3 dias;2 estrelas;R$ 3490
Lucas;FOR;BSB;1 dias;1 estrelas;R$ 8112
Anna;FOR;CWB;3 dias;5 estrelas;R$ 3501
Natalia;NAT;VIX;2 dias;2 estrelas;R$ 4378
Gustavo;NAT;BSB;2 dias;5 estrelas;R$ 9815
Lucas;SAO;CWB;1 dias;5 estrelas;R$ 5314
Isadora;SAO;BHZ;3 dias;5 estrelas;R$ 8098
Pedro;REC;BHZ;4 dias;3 estrelas;R$ 7245
Isabela;MAO;SSA;3 dias;2 estrelas;R$ 1159
Anna;REC;POA;4 dias;2 estrelas;R$ 9278
Natalia;POA;FOR;2 dias;4 estrelas;R$ 5993
Gustavo;CWB;SAO;1 dias;5 estrelas;R$ 5799
Manuela;PMW;BSB;3 dias;1 estrelas;R$ 6097
João;BHZ;BSB;1 dias;2 estrelas;R$ 7476
Laura;VIX;NAT;4 dias;2 estrelas;R$ 1566
Juliana;NAT;PMW;3 dias;3 estrelas;R$ 7196
Clara;BHZ;FOR;4 dias;4 estrelas;R$ 3359
Juliana;CWB;PMW;3 dias;5 estrelas;R$ 3738
Davi;MAO;POA;3 dias;4 estrelas;R$ 4522
Gustavo;NAT;SSA;2 dias;2 estrelas;R$ 2048
Juliana;FOR;BSB;1 dias;4 estrelas;R$ 7024
Davi;POA;BHZ;4 dias;4 estrelas;R$ 4327
Gabriel;SAO;PMW;4 dias;2 estrelas;R$ 5163
Juliana;CWB;SSA;1 dias;2 estrelas;R$ 3306
Fernando;REC;BHZ;5 dias;5 estrelas;R$ 8578
João;CWB;MAO;3 dias;3 estrelas;R$ 8847
Gabriel;NAT;CWB;5 dias;2 estrelas;R$ 3390
Vitor;BHZ;POA;3 dias;3 estrelas;R$ 4632
Isadora;CWB;SSA;4 dias;3 estrelas;R$ 6162
Eduardo;SSA;RIO;3 dias;2 estrelas;R$ 9710
Maria;MAO;BSB;2 dias;5 estrelas;R$ 9974
Pedro;SSA;PMW;1 dias;5 estrelas;R$ 5867
Davi;RIO;POA;4 dias;1 estrelas;R$ 4305
Pedro;SSA;REC;5 dias;4 estrelas;R$ 3828
Mateus;CWB;REC;5 dias;4 estrelas;R$ 6335
Fernando;BSB;VIX;3 dias;4 estrelas;R$ 7050
Isadora;MAO;PMW;3 dias;2 estrelas;R$ 2433
Juliana;PMW;MAO;5 dias;1 estrelas;R$ 3646
Rodrigo;BSB;RIO;3 dias;4 estrelas;R$ 5178
Gustavo;VIX;SAO;4 dias;4 estrelas;R$ 3586
Pedro;BHZ;FOR;1 dias;5 estrelas;R$ 6883
Mariana;NAT;RIO;4 dias;4 estrelas;R$ 6331
Rafael;SAO;POA;2 dias;5 estrelas;R$ 8569
Maria;PMW;NAT;1 dias;5 estrelas;R$ 4107
Larissa;MAO;PMW;1 dias;1 estrelas;R$ 5507
Beatriz;SSA;BSB;3 dias;3 estrelas;R$ 7051
Laura;CWB;SAO;1 dias;5 estrelas;R$ 7385
Isadora;FOR;BSB;2 dias;5 estrelas;R$ 2484
Eduardo;SSA;NAT;5 dias;2 estrelas;R$ 1590
Anna;CWB;BSB;5 dias;4 estrelas;R$ 2665
João;MAO;CWB;5 dias;1 estrelas;R$ 1821
Larissa;MAO;NAT;2 dias;3 estrelas;R$ 9293
Rafael;SAO;BHZ;4 dias;5 estrelas;R$ 6372
Isadora;BSB;POA;2 dias;2 estrelas;R$ 4814
Maria;NAT;BSB;2 dias;5 estrelas;R$ 3273
Manuela;BSB;FOR;4 dias;1 estrelas;R$ 1989
Camila;FOR;BHZ;2 dias;2 estrelas;R$ 3708
João;BSB;CWB;3 dias;3 estrelas;R$ 9467
Sophia;RIO;SSA;1 dias;1 estrelas;R$ 1729
Gabriel;CWB;PMW;2 dias;5 estrelas;R$ 8968
Bruno;SAO;CWB;4 dias;3 estrelas;R$ 9483
Clara;VIX;FOR;1 dias;4 estrelas;R$ 9278
Mateus;FOR;PMW;2 dias;5 estrelas;R$ 7953
Larissa;VIX;POA;5 dias;2 estrelas;R$ 2640
Larissa;BSB;PMW;1 dias;2 estrelas;R$ 5816
Rodrigo;PMW;FOR;2 dias;4 estrelas;R$ 2506
Anna;MAO;FOR;1 dias;1 estrelas;R$ 8130
Laura;NAT;POA;5 dias;4 estrelas;R$ 6625
Bruno;NAT;BHZ;4 dias;1 estrelas;R$ 3900
Rafael;RIO;CWB;5 dias;1 estrelas;R$ 1659
Thiago;FOR;POA;5 dias;1 estrelas;R$ 3633
Isabela;VIX;REC;3 dias;1 estrelas;R$ 2122
Gustavo;SAO;FOR;5 dias;3 estrelas;R$ 3629
Mariana;NAT;POA;5 dias;2 estrelas;R$ 5171
Thiago;NAT;POA;3 dias;2 estrelas;R$ 4150
Lucas;BHZ;SAO;1 dias;4 estrelas;R$ 9035
Larissa;FOR;CWB;2 dias;3 estrelas;R$ 3432
Lucas;BHZ;RIO;3 dias;1 estrelas;R$ 8375
Davi;SAO;MAO;2 dias;5 estrelas;R$ 7800
Rodrigo;RIO;SAO;4 dias;2 estrelas;R$ 9237
Leonardo;SAO;VIX;2 dias;1 estrelas;R$ 8629
Rodrigo;FOR;RIO;4 dias;3 estrelas;R$ 2621
Isabela;VIX;MAO;2 dias;1 estrelas;R$ 7681
Mateus;BSB;FOR;5 dias;2 estrelas;R$ 7349
Rodrigo;PMW;VIX;5 dias;5 estrelas;R$ 4039
Gustavo;RIO;BHZ;3 dias;4 estrelas;R$ 2537
Manuela;REC;CWB;5 dias;2 estrelas;R$ 5252
Rodrigo;VIX;CWB;5 dias;2 estrelas;R$ 7682
Bruno;BSB;NAT;3 dias;4 estrelas;R$ 8324
Manuela;VIX;REC;4 dias;1 estrelas;R$ 7408
Mariana;FOR;NAT;4 dias;3 estrelas;R$ 9219
Felipe;SAO;BSB;3 dias;4 estrelas;R$ 3211
Isadora;BHZ;MAO;2 dias;3 estrelas;R$ 9397
Vitor;BSB;BHZ;4 dias;5 estrelas;R$ 3440
Leonardo;NAT;RIO;5 dias;1 estrelas;R$ 1937
Rafael;REC;CWB;5 dias;5 estrelas;R$ 1620
Lucas;SSA;MAO;4 dias;3 estrelas;R$ 3962
Mariana;MAO;VIX;2 dias;5 estrelas;R$ 9044
João;NAT;SAO;2 dias;4 estrelas;R$ 8790
Fernando;PMW;NAT;3 dias;3 estrelas;R$ 8741
Clara;MAO;FOR;1 dias;5 estrelas;R$ 8048
Fernando;PMW;REC;2 dias;5 estrelas;R$ 7328
Thiago;BSB;CWB;4 dias;3 estrelas;R$ 2394
Davi;BHZ;VIX;2 dias;1 estrelas;R$ 2916
Fernando;VIX;MAO;5 dias;3 estrelas;R$ 6080
Lucas;SAO;BHZ;5 dias;4 estrelas;R$ 8833
Maria;BSB;CWB;1 dias;4 estrelas;R$ 2220
Mateus;PMW;SAO;2 dias;5 estrelas;R$ 7167
Larissa;FOR;NAT;5 dias;5 estrelas;R$ 8304
Manuela;NAT;PMW;4 dias;2 estrelas;R$ 7949
Gustavo;BHZ;SAO;1 dias;1 estrelas;R$ 6697
Gabriel;CWB;SAO;2 dias;3 estrelas;R$ 5839
Sophia;MAO;VIX;5 dias;1 estrelas;R$ 9083
Camila;MAO;CWB;5 dias;4 estrelas;R$ 2940
Larissa;MAO;BHZ;5 dias;3 estrelas;R$ 4614
Manuela;RIO;NAT;5 dias;1 estrelas;R$ 8957
Fernando;RIO;FOR;2 dias;1 estrelas;R$ 7389
Davi;BSB;SAO;3 dias;1 estrelas;R$ 6166
Fernando;VIX;RIO;3 dias;5 estrelas;R$ 2636
Gustavo;FOR;BHZ;5 dias;2 estrelas;R$ 9959
Fernando;BSB;MAO;3 dias;1 estrelas;R$ 2255
Larissa;VIX;RIO;3 dias;3 estrelas;R$ 8368
Lucas;MAO;BSB;4 dias;2 estrelas;R$ 2425
Mateus;BHZ;CWB;3 dias;5 estrelas;R$ 5824
Davi;BHZ;MAO;2 dias;1 estrelas;R$ 8277
Isabela;REC;SAO;3 dias;5 estrelas;R$ 7130
Anna;VIX;FOR;2 dias;1 estrelas;R$ 6721
João;MAO;PMW;5 dias;3 estrelas;R$ 7268
Lucas;NAT;CWB;3 dias;4 estrelas;R$ 2634
Vinicius;PMW;BHZ;4 dias;4 estrelas;R$ 6706
Bruno;REC;FOR;4 dias;5 estrelas;R$ 9192
Pedro;MAO;SAO;2 dias;5 estrelas;R$ 9795
Bruno;SSA;MAO;4 dias;4 estrelas;R$ 9546
Rafael;POA;NAT;3 dias;5 estrelas;R$ 8131
Bruno;POA;FOR;3 dias;3 estrelas;R$ 8351
Gustavo;SAO;VIX;2 dias;4 estrelas;R$ 4280
Maria;PMW;CWB;4 dias;2 estrelas;R$ 6156
Sophia;CWB;NAT;5 dias;4 estrelas;R$ 6180
Isadora;POA;SSA;4 dias;5 estrelas;R$ 4386
Davi;VIX;BHZ;5 dias;4 estrelas;R$ 1336
Juliana;FOR;NAT;1 dias;5 estrelas;R$ 6675
Larissa;POA;REC;5 dias;3 estrelas;R$ 3766
Isadora;RIO;BHZ;1 dias;2 estrelas;R$ 7465
Isadora;BSB;CWB;4 dias;4 estrelas;R$ 8612
Laura;RIO;PMW;4 dias;2 estrelas;R$ 3611
Larissa;RIO;REC;5 dias;5 estrelas;R$ 9112
Gustavo;SAO;NAT;3 dias;2 estrelas;R$ 9792
Bruno;BSB;VIX;2 dias;3 estrelas;R$ 7649
Natalia;BSB;POA;1 dias;4 estrelas;R$ 6865
Fernando;NAT;SAO;2 dias;3 estrelas;R$ 7402
Fernando;PMW;VIX;1 dias;4 estrelas;R$ 4752
Lucas;REC;NAT;3 dias;5 estrelas;R$ 1085
Vinicius;SAO;RIO;3 dias;5 estrelas;R$ 7886
Davi;CWB;FOR;1 dias;2 estrelas;R$ 3655
Rafael;VIX;SAO;1 dias;3 estrelas;R$ 4316
Clara;VIX;FOR;2 dias;3 estrelas;R$ 9340
Rodrigo;BSB;FOR;2 dias;3 estrelas;R$ 5890
Juliana;FOR;BSB;5 dias;3 estrelas;R$ 8080
Mariana;NAT;PMW;3 dias;2 estrelas;R$ 2829
Camila;SSA;CWB;3 dias;4 estrelas;R$ 2918
Mariana;FOR;SAO;5 dias;4 estrelas;R$ 2535
Beatriz;POA;PMW;3 dias;1 estrelas;R$ 3143
Rafael;MAO;RIO;3 dias;4 estrelas;R$ 2696
Gabriel;BSB;SSA;5 dias;5 estrelas;R$ 5369
Mariana;CWB;BHZ;1 dias;4 estrelas;R$ 4500
Mateus;BHZ;POA;4 dias;4 estrelas;R$ 2305
Anna;FOR;PMW;4 dias;2 estrelas;R$ 5629
Camila;REC;SSA;4 dias;4 estrelas;R$ 3411
João;MAO;BSB;4 dias;1 estrelas;R$ 7761
Juliana;BSB;BHZ;1 dias;2 estrelas;R$ 4551
João;BHZ;SAO;3 dias;1 estrelas;R$ 4427
Gabriel;NAT;PMW;3 dias;3 estrelas;R$ 7959
Gustavo;BHZ;SAO;1 dias;4 estrelas;R$ 9509
Camila;SAO;MAO;5 dias;5 estrelas;R$ 9943
Larissa;VIX;PMW;1 dias;4 estrelas;R$ 3886
Vitor;REC;CWB;4 dias;4 estrelas;R$ 2987
Gustavo;BSB;CWB;2 dias;5 estrelas;R$ 4284
Juliana;SSA;POA;4 dias;1 estrelas;R$ 5432
Gabriel;BSB;MAO;2 dias;5 estrelas;R$ 8356
Larissa;PMW;MAO;4 dias;1 estrelas;R$ 7687
Davi;BSB;PMW;2 dias;2 estrelas;R$ 8009
Gustavo;RIO;VIX;3 dias;4 estrelas;R$ 6070
Bruno;MAO;REC;1 dias;4 estrelas;R$ 8771
Manuela;POA;SSA;5 dias;1 estrelas;R$ 3787
Gustavo;FOR;VIX;5 dias;4 estrelas;R$ 8194
João;VIX;NAT;2 dias;1 estrelas;R$ 7932
Laura;NAT;FOR;2 dias;2 estrelas;R$ 6290
Eduardo;CWB;SSA;2 dias;1 estrelas;R$ 7949
Lucas;PMW;SSA;3 dias;5 estrelas;R$ 8825
Mariana;SAO;REC;3 dias;1 estrelas;R$ 9802
Juliana;BSB;REC;1 dias;1 estrelas;R$ 8427
Thiago;PMW;VIX;5 dias;4 estrelas;R$ 7856
Thiago;FOR;RIO;2 dias;2 estrelas;R$ 8238
Isabela;SSA;REC;4 dias;2 estrelas;R$ 1645
Vinicius;POA;RIO;5 dias;2 estrelas;R$ 7909
Davi;PMW;BSB;1 dias;1 estrelas;R$ 1281
Vinicius;MAO;POA;2 dias;4 estrelas;R$ 8477
Leonardo;REC;POA;4 dias;4 estrelas;R$ 9906
Lucas;RIO;SAO;5 dias;2 estrelas;R$ 2960
Juliana;PMW;MAO;5 dias;4 estrelas;R$ 4276
Beatriz;VIX;BHZ;1 dias;2 estrelas;R$ 6619
Gabriel;REC;POA;5 dias;5 estrelas;R$ 3268
Mateus;BHZ;SAO;3 dias;1 estrelas;R$ 4379
Manuela;BSB;SAO;4 dias;2 estrelas;R$ 1231
Davi;CWB;BSB;5 dias;5 estrelas;R$ 5691
Thiago;NAT;FOR;4 dias;2 estrelas;R$ 6150
João;SSA;PMW;4 dias;4 estrelas;R$ 8657
Lucas;MAO;SAO;4 dias;5 estrelas;R$ 6999
Gabriel;MAO;BHZ;3 dias;2 estrelas;R$ 5192
Rafael;BSB;RIO;3 dias;4 estrelas;R$ 4754
Lucas;MAO;REC;4 dias;1 estrelas;R$ 1006
Davi;VIX;CWB;1 dias;4 estrelas;R$ 5685
Lucas;VIX;BHZ;4 dias;1 estrelas;R$ 8745
Mariana;CWB;SAO;2 dias;5 estrelas;R$ 9177
Larissa;SSA;BSB;1 dias;1 estrelas;R$ 4725
Maria;BSB;CWB;1 dias;4 estrelas;R$ 2310
Bruno;RIO;SAO;1 dias;5 estrelas;R$ 5245
Larissa;REC;RIO;3 dias;4 estrelas;R$ 3208
Rodrigo;REC;SAO;1 dias;4 estrelas;R$ 7860
Thiago;FOR;SSA;3 dias;3 estrelas;R$ 7680
Beatriz;BHZ;BSB;3 dias;3 estrelas;R$ 6834
Natalia;BSB;PMW;2 dias;1 estrelas;R$ 6995
Larissa;FOR;PMW;1 dias;4 estrelas;R$ 5539
João;SSA;VIX;3 dias;3 estrelas;R$ 8429
Camila;FOR;VIX;5 dias;3 estrelas;R$ 8036
Camila;BSB;SSA;3 dias;2 estrelas;R$ 8712
Bruno;REC;BHZ;2 dias;1 estrelas;R$ 9568
Vitor;FOR;NAT;4 dias;3 estrelas;R$ 9339
Mariana;POA;FOR;5 dias;4 estrelas;R$ 8281
Bruno;BHZ;NAT;3 dias;5 estrelas;R$ 9787
Juliana;NAT;CWB;5 dias;1 estrelas;R$ 9199
Gabriel;SAO;FOR;4 dias;1 estrelas;R$ 3580
Bruno;REC;SSA;3 dias;3 estrelas;R$ 5619
Vitor;NAT;RIO;2 dias;4 estrelas;R$ 9853
Bruno;VIX;BHZ;4 dias;3 estrelas;R$ 6983
Eduardo;VIX;RIO;3 dias;4 estrelas;R$ 9328
Camila;FOR;MAO;2 dias;4 estrelas;R$ 7639
Eduardo;RIO;VIX;5 dias;4 estrelas;R$ 7179
Anna;CWB;BSB;1 dias;4 estrelas;R$ 2692
João;PMW;CWB;4 dias;4 estrelas;R$ 4254
Larissa;CWB;PMW;5 dias;2 estrelas;R$ 6222
Isabela;BHZ;RIO;4 dias;4 estrelas;R$ 2146
Maria;SSA;SAO;2 dias;5 estrelas;R$ 6375
Anna;MAO;SAO;4 dias;4 estrelas;R$ 6070
Bruno;CWB;NAT;2 dias;1 estrelas;R$ 7946
Lucas;REC;PMW;3 dias;4 estrelas;R$ 1906
Thiago;CWB;NAT;5 dias;5 estrelas;R$ 5907
Fernando;FOR;POA;1 dias;1 estrelas;R$ 6175
Isabela;MAO;BSB;2 dias;2 estrelas;R$ 2315
Fernando;VIX;RIO;1 dias;5 estrelas;R$ 1183
Rafael;BSB;MAO;1 dias;2 estrelas;R$ 2632
Camila;MAO;BSB;5 dias;3 estrelas;R$ 4336
Bruno;SAO;BHZ;2 dias;2 estrelas;R$ 5969
Isabela;PMW;NAT;1 dias;1 estrelas;R$ 7222
Felipe;VIX;POA;4 dias;5 estrelas;R$ 1623
Manuela;REC;MAO;1 dias;3 estrelas;R$ 1341
Gabriel;MAO;SSA;5 dias;5 estrelas;R$ 6090
Isadora;SSA;NAT;5 dias;3 estrelas;R$ 3460
Juliana;FOR;PMW;5 dias;1 estrelas;R$ 3001
Mariana;SAO;SSA;5 dias;2 estrelas;R$ 1527
Gabriel;REC;FOR;4 dias;2 estrelas;R$ 6222
Camila;BSB;MAO;2 dias;2 estrelas;R$ 3030
Camila;PMW;FOR;2 dias;2 estrelas;R$ 4217
Beatriz;SAO;FOR;4 dias;2 estrelas;R$ 1423
Fernando;BHZ;SAO;1 dias;5 estrelas;R$ 8450
Manuela;RIO;CWB;5 dias;4 estrelas;R$ 8062
Fernando;RIO;SSA;3 dias;3 estrelas;R$ 6753
Maria;NAT;POA;5 dias;3 estrelas;R$ 9781
Fernando;SSA;SAO;4 dias;5 estrelas;R$ 7988
Anna;FOR;SSA;3 dias;4 estrelas;R$ 8039
Isabela;MAO;VIX;4 dias;4 estrelas;R$ 6521
Rafael;VIX;SSA;2 dias;1 estrelas;R$ 5229
Fernando;BSB;SSA;4 dias;4 estrelas;R$ 1550
Bruno;BHZ;NAT;4 dias;3 estrelas;R$ 7362
Camila;BHZ;NAT;1 dias;4 estrelas;R$ 6270
Thiago;PMW;MAO;2 dias;1 estrelas;R$ 7822
Larissa;FOR;BHZ;3 dias;4 estrelas;R$ 9894
Juliana;PMW;FOR;2 dias;4 estrelas;R$ 3810
Lucas;BSB;FOR;2 dias;3 estrelas;R$ 8869
Bruno;PMW;FOR;1 dias;1 estrelas;R$ 4229
Mariana;REC;CWB;5 dias;4 estrelas;R$ 8214
Isadora;REC;BHZ;5 dias;5 estrelas;R$ 1556
Gabriel;FOR;BHZ;4 dias;5 estrelas;R$ 5103
Mariana;BHZ;FOR;5 dias;1 estrelas;R$ 2782
Lucas;REC;PMW;5 dias;3 estrelas;R$ 8406
Juliana;BSB;CWB;5 dias;4 estrelas;R$ 9875
Leonardo;REC;MAO;3 dias;3 estrelas;R$ 1084
Gustavo;CWB;SAO;1 dias;5 estrelas;R$ 3788
Mariana;BSB;RIO;1 dias;3 estrelas;R$ 8213
Anna;NAT;BSB;4 dias;2 estrelas;R$ 5267
Maria;RIO;BSB;2 dias;5 estrelas;R$ 2006
Rodrigo;BSB;SSA;4 dias;3 estrelas;R$ 3284
Camila;PMW;NAT;5 dias;3 estrelas;R$ 8632
Juliana;REC;PMW;4 dias;2 estrelas;R$ 7734
Vinicius;BSB;RIO;5 dias;5 estrelas;R$ 7758
Maria;MAO;FOR;5 dias;3 estrelas;R$ 7234
Mateus;VIX;POA;4 dias;3 estrelas;R$ 4750
Gustavo;VIX;POA;4 dias;2 estrelas;R$ 1160
Gabriel;PMW;POA;3 dias;3 estrelas;R$ 4930
Leonardo;SAO;PMW;5 dias;3 estrelas;R$ 9474
Camila;SSA;NAT;3 dias;4 estrelas;R$ 1146
Maria;BHZ;NAT;5 dias;2 estrelas;R$ 7568
Rafael;SSA;VIX;5 dias;3 estrelas;R$ 4853
Lucas;NAT;REC;3 dias;3 estrelas;R$ 6436
Lucas;SAO;PMW;1 dias;2 estrelas;R$ 8624
Bruno;BHZ;POA;2 dias;2 estrelas;R$ 2488
João;POA;RIO;1 dias;4 estrelas;R$ 9254
Anna;FOR;RIO;5 dias;2 estrelas;R$ 3125
Clara;SSA;RIO;3 dias;4 estrelas;R$ 4781
Gabriel;NAT;PMW;5 dias;2 estrelas;R$ 2720
Natalia;BSB;CWB;2 dias;2 estrelas;R$ 4788
Gabriel;NAT;MAO;2 dias;3 estrelas;R$ 8613
Pedro;POA;BHZ;5 dias;3 estrelas;R$ 6425
Larissa;PMW;POA;2 dias;4 estrelas;R$ 8533
Vitor;RIO;NAT;1 dias;3 estrelas;R$ 7590
Pedro;REC;BHZ;2 dias;1 estrelas;R$ 6429
Pedro;BHZ;RIO;4 dias;5 estrelas;R$ 3414
Vinicius;REC;CWB;1 dias;5 estrelas;R$ 3066
Gustavo;SAO;RIO;4 dias;2 estrelas;R$ 5075
Anna;MAO;POA;1 dias;1 estrelas;R$ 4230
Manuela;RIO;NAT;3 dias;5 estrelas;R$ 6133
Anna;FOR;SAO;1 dias;3 estrelas;R$ 9197
Camila;PMW;POA;5 dias;5 estrelas;R$ 4576
Juliana;SAO;PMW;1 dias;5 estrelas;R$ 3877
Natalia;CWB;VIX;2 dias;5 estrelas;R$ 4072
Rodrigo;PMW;SAO;1 dias;4 estrelas;R$ 2860
João;BSB;SAO;1 dias;5 estrelas;R$ 7811
Isabela;POA;VIX;1 dias;4 estrelas;R$ 8843
Felipe;BHZ;MAO;4 dias;1 estrelas;R$ 3394
Mariana;PMW;SAO;5 dias;2 estrelas;R$ 4167
Clara;VIX;MAO;3 dias;2 estrelas;R$ 6887
Vitor;CWB;REC;1 dias;1 estrelas;R$ 2142
Natalia;POA;SAO;2 dias;1 estrelas;R$ 7590
Isadora;VIX;BHZ;2 dias;2 estrelas;R$ 9358
Gabriel;CWB;MAO;4 dias;2 estrelas;R$ 1367
Pedro;PMW;CWB;3 dias;4 estrelas;R$ 8381
Anna;VIX;BSB;5 dias;5 estrelas;R$ 3966
Gustavo;FOR;SSA;3 dias;1 estrelas;R$ 4127
Sophia;FOR;NAT;3 dias;4 estrelas;R$ 8004
Laura;NAT;POA;5 dias;3 estrelas;R$ 1511
Gabriel;POA;SAO;3 dias;4 estrelas;R$ 1347
Gustavo;CWB;SSA;4 dias;1 estrelas;R$ 6819
Sophia;SAO;MAO;5 dias;4 estrelas;R$ 9261
Gustavo;NAT;RIO;2 dias;5 estrelas;R$ 3290
Gabriel;SSA;FOR;5 dias;1 estrelas;R$ 6726
Lucas;FOR;SSA;4 dias;4 estrelas;R$ 8859
Larissa;BSB;REC;1 dias;4 estrelas;R$ 3499
Rafael;MAO;PMW;4 dias;3 estrelas;R$ 4499
Fernando;NAT;FOR;1 dias;3 estrelas;R$ 1960
Juliana;SAO;VIX;5 dias;2 estrelas;R$ 5094
Thiago;CWB;SSA;1 dias;2 estrelas;R$ 8435
Felipe;NAT;RIO;5 dias;1 estrelas;R$ 9089
Mariana;CWB;POA;4 dias;5 estrelas;R$ 5176
Lucas;FOR;NAT;2 dias;4 estrelas;R$ 9810
Gustavo;SSA;POA;2 dias;2 estrelas;R$ 5918
Fernando;FOR;RIO;4 dias;4 estrelas;R$ 6892
Leonardo;MAO;RIO;3 dias;2 estrelas;R$ 9035
Mateus;SAO;POA;4 dias;5 estrelas;R$ 9160
Larissa;BHZ;NAT;5 dias;2 estrelas;R$ 5868
Fernando;BHZ;CWB;2 dias;3 estrelas;R$ 3452
Anna;RIO;REC;4 dias;4 estrelas;R$ 3427
Bruno;PMW;SAO;1 dias;4 estrelas;R$ 1211
Felipe;BHZ;SSA;4 dias;2 estrelas;R$ 8802
Larissa;FOR;PMW;1 dias;1 estrelas;R$ 4961
Sophia;SSA;BSB;3 dias;1 estrelas;R$ 9904
Rafael;BSB;PMW;5 dias;3 estrelas;R$ 1254
Laura;SSA;NAT;3 dias;5 estrelas;R$ 5792
Felipe;FOR;BSB;4 dias;3 estrelas;R$ 9477
Rafael;SAO;RIO;1 dias;1 estrelas;R$ 8191
Bruno;RIO;MAO;1 dias;5 estrelas;R$ 6592
Manuela;RIO;BSB;3 dias;5 estrelas;R$ 5270
Mariana;CWB;BHZ;3 dias;3 estrelas;R$ 6028
Isabela;CWB;NAT;1 dias;5 estrelas;R$ 6560
Thiago;FOR;REC;1 dias;1 estrelas;R$ 7374
Gustavo;MAO;FOR;3 dias;2 estrelas;R$ 1489
Isadora;BSB;CWB;5 dias;5 estrelas;R$ 1897
Vinicius;SSA;VIX;4 dias;4 estrelas;R$ 3009
Lucas;VIX;REC;4 dias;5 estrelas;R$ 5684
Fernando;FOR;SAO;5 dias;4 estrelas;R$ 8945
Camila;FOR;BHZ;3 dias;4 estrelas;R$ 1765
Manuela;RIO;SAO;5 dias;5 estrelas;R$ 1691
Isadora;REC;FOR;4 dias;2 estrelas;R$ 7058
Anna;RIO;CWB;5 dias;5 estrelas;R$ 5472
Camila;PMW;SSA;2 dias;2 estrelas;R$ 6929
Gustavo;VIX;POA;5 dias;4 estrelas;R$ 7569
Gustavo;RIO;CWB;4 dias;4 estrelas;R$ 9833
Gabriel;BSB;POA;2 dias;1 estrelas;R$ 1767
Bruno;SAO;FOR;1 dias;1 estrelas;R$ 6919
Fernando;RIO;REC;3 dias;1 estrelas;R$ 4845
Mateus;BSB;MAO;1 dias;2 estrelas;R$ 2166
Davi;POA;VIX;3 dias;4 estrelas;R$ 2587
Gabriel;NAT;SSA;4 dias;3 estrelas;R$ 1840
Leonardo;RIO;SAO;2 dias;2 estrelas;R$ 8946
Gabriel;REC;POA;3 dias;4 estrelas;R$ 5879
Mariana;SSA;NAT;3 dias;4 estrelas;R$ 2010
Gustavo;REC;SAO;1 dias;2 estrelas;R$ 5940
Sophia;VIX;REC;4 dias;4 estrelas;R$ 5470
Vinicius;SAO;BSB;4 dias;5 estrelas;R$ 9392
Isabela;MAO;PMW;1 dias;1 estrelas;R$ 9059
Juliana;REC;RIO;3 dias;3 estrelas;R$ 1899
Mariana;PMW;POA;2 dias;3 estrelas;R$ 5771
Lucas;POA;SSA;5 dias;2 estrelas;R$ 8588
Clara;NAT;BHZ;4 dias;2 estrelas;R$ 4321
Larissa;NAT;PMW;2 dias;3 estrelas;R$ 3070
Gustavo;CWB;REC;4 dias;3 estrelas;R$ 1346
Gustavo;SAO;POA;3 dias;4 estrelas;R$ 7105
Larissa;CWB;SAO;1 dias;3 estrelas;R$ 4663
Camila;VIX;REC;4 dias;2 estrelas;R$ 8882
Larissa;BHZ;POA;4 dias;2 estrelas;R$ 1986
João;PMW;MAO;1 dias;3 estrelas;R$ 2201
Eduardo;NAT;SSA;1 dias;5 estrelas;R$ 1957
Fernando;NAT;CWB;1 dias;4 estrelas;R$ 7762
Fernando;NAT;BHZ;4 dias;3 estrelas;R$ 5167
Camila;BSB;MAO;2 dias;1 estrelas;R$ 9642
Juliana;BHZ;MAO;2 dias;1 estrelas;R$ 2402
Laura;PMW;FOR;3 dias;4 estrelas;R$ 4343
Gustavo;PMW;BHZ;4 dias;4 estrelas;R$ 2229
Gustavo;POA;VIX;4 dias;5 estrelas;R$ 4097
João;BSB;NAT;2 dias;5 estrelas;R$ 2263
Larissa;PMW;POA;3 dias;1 estrelas;R$ 6155
Mariana;VIX;NAT;3 dias;3 estrelas;R$ 3846
Clara;POA;SAO;1 dias;2 estrelas;R$ 1428
Fernando;NAT;POA;5 dias;1 estrelas;R$ 8921
Larissa;PMW;RIO;5 dias;2 estrelas;R$ 9224
Mariana;PMW;VIX;4 dias;3 estrelas;R$ 3823
Laura;BHZ;RIO;1 dias;5 estrelas;R$ 3309
Pedro;MAO;CWB;4 dias;4 estrelas;R$ 5398
Sophia;MAO;FOR;4 dias;2 estrelas;R$ 2959
Gabriel;NAT;POA;4 dias;2 estrelas;R$ 2337
Larissa;BSB;FOR;4 dias;3 estrelas;R$ 2453
Lucas;REC;SAO;1 dias;5 estrelas;R$ 9039
Felipe;BHZ;POA;5 dias;2 estrelas;R$ 9694
Vitor;MAO;PMW;1 dias;1 estrelas;R$ 5434
Lucas;SSA;NAT;4 dias;2 estrelas;R$ 7483
Camila;CWB;BHZ;3 dias;4 estrelas;R$ 5322
Bruno;MAO;RIO;4 dias;3 estrelas;R$ 2741
Lucas;CWB;RIO;3 dias;2 estrelas;R$ 5279
Juliana;SSA;POA;5 dias;1 estrelas;R$ 1236
Mariana;NAT;VIX;1 dias;3 estrelas;R$ 5131
Fernando;POA;MAO;5 dias;3 estrelas;R$ 7888
Gustavo;MAO;BHZ;2 dias;2 estrelas;R$ 3148
Beatriz;CWB;RIO;5 dias;3 estrelas;R$ 4500
Leonardo;SSA;SAO;1 dias;2 estrelas;R$ 3780
Rafael;FOR;SSA;3 dias;2 estrelas;R$ 4826
Natalia;REC;BSB;4 dias;1 estrelas;R$ 6712
Larissa;POA;SSA;4 dias;4 estrelas;R$ 8319
Anna;BSB;MAO;4 dias;5 estrelas;R$ 7126
Bruno;REC;BSB;2 dias;2 estrelas;R$ 4537
Juliana;BHZ;FOR;3 dias;4 estrelas;R$ 8889
Mariana;CWB;NAT;1 dias;5 estrelas;R$ 5114
Camila;REC;SSA;4 dias;1 estrelas;R$ 4414
Sophia;PMW;SSA;3 dias;3 estrelas;R$ 5700
Eduardo;PMW;RIO;1 dias;2 estrelas;R$ 5870
Sophia;VIX;POA;5 dias;3 estrelas;R$ 5584
Anna;FOR;CWB;1 dias;2 estrelas;R$ 4879
Felipe;SSA;VIX;3 dias;5 estrelas;R$ 1207
Anna;VIX;BSB;4 dias;3 estrelas;R$ 9405
Camila;BHZ;POA;3 dias;4 estrelas;R$ 4052
Bruno;BSB;NAT;4 dias;5 estrelas;R$ 5873
Leonardo;SAO;PMW;1 dias;2 estrelas;R$ 3790
Gustavo;POA;MAO;2 dias;4 estrelas;R$ 2314
Mariana;POA;REC;2 dias;4 estrelas;R$ 5070
Mateus;BHZ;BSB;1 dias;2 estrelas;R$ 8683
Maria;MAO;FOR;5 dias;3 estrelas;R$ 2975
Anna;REC;MAO;4 dias;5 estrelas;R$ 2564
Eduardo;CWB;VIX;5 dias;1 estrelas;R$ 9766
Larissa;MAO;POA;3 dias;1 estrelas;R$ 9951
Larissa;PMW;FOR;5 dias;2 estrelas;R$ 2962
Mateus;CWB;BHZ;2 dias;2 estrelas;R$ 2293
Bruno;BSB;VIX;2 dias;5 estrelas;R$ 4313
Juliana;SSA;BHZ;4 dias;3 estrelas;R$ 6166
Isabela;PMW;BSB;1 dias;1 estrelas;R$ 6868
Isadora;BSB;PMW;5 dias;2 estrelas;R$ 8754
Thiago;FOR;SSA;2 dias;5 estrelas;R$ 3015
Laura;PMW;REC;4 dias;5 estrelas;R$ 5665
Natalia;BHZ;BSB;1 dias;1 estrelas;R$ 9029
Isabela;MAO;REC;4 dias;3 estrelas;R$ 3612
Larissa;CWB;NAT;4 dias;2 estrelas;R$ 3198
Laura;SSA;POA;5 dias;4 estrelas;R$ 6790
Anna;NAT;VIX;5 dias;1 estrelas;R$ 7157
Sophia;MAO;SAO;4 dias;1 estrelas;R$ 6641
Lucas;FOR;PMW;5 dias;3 estrelas;R$ 8726
Bruno;REC;MAO;5 dias;5 estrelas;R$ 5949
Felipe;POA;NAT;2 dias;1 estrelas;R$ 2611
Gabriel;VIX;NAT;2 dias;3 estrelas;R$ 1906
Davi;BSB;SSA;5 dias;2 estrelas;R$ 2077
Vinicius;CWB;BSB;3 dias;5 estrelas;R$ 7931
Camila;NAT;MAO;4 dias;3 estrelas;R$ 1065
Camila;POA;VIX;4 dias;1 estrelas;R$ 1623
Lucas;NAT;REC;5 dias;1 estrelas;R$ 5711
Mateus;PMW;REC;2 dias;1 estrelas;R$ 7656
Felipe;BSB;RIO;3 dias;4 estrelas;R$ 5993
Thiago;FOR;CWB;3 dias;5 estrelas;R$ 6978
Vitor;POA;MAO;4 dias;2 estrelas;R$ 7393
Larissa;PMW;FOR;1 dias;1 estrelas;R$ 2382
Juliana;SSA;SAO;4 dias;1 estrelas;R$ 6692
Vitor;CWB;POA;2 dias;2 estrelas;R$ 7594
Maria;SAO;POA;2 dias;3 estrelas;R$ 9643
Isadora;FOR;VIX;1 dias;3 estrelas;R$ 2124
Manuela;PMW;REC;3 dias;3 estrelas;R$ 1730
Davi;REC;FOR;2 dias;2 estrelas;R$ 6677
Bruno;POA;REC;4 dias;5 estrelas;R$ 1622
Leonardo;VIX;MAO;2 dias;1 estrelas;R$ 4888
Gabriel;CWB;REC;2 dias;4 estrelas;R$ 1451
Anna;FOR;BSB;1 dias;4 estrelas;R$ 1583
Bruno;SSA;PMW;1 dias;4 estrelas;R$ 7695
Gustavo;FOR;REC;3 dias;5 estrelas;R$ 8253
Camila;NAT;SAO;5 dias;5 estrelas;R$ 2553
Gabriel;MAO;SAO;3 dias;3 estrelas;R$ 4376
Sophia;NAT;RIO;3 dias;4 estrelas;R$ 6318
Manuela;REC;VIX;3 dias;5 estrelas;R$ 5941
Juliana;PMW;BHZ;1 dias;5 estrelas;R$ 5781
Gabriel;CWB;REC;1 dias;3 estrelas;R$ 5002
Vitor;SSA;PMW;4 dias;3 estrelas;R$ 6416
João;SSA;BHZ;3 dias;5 estrelas;R$ 7982
Leonardo;BSB;FOR;2 dias;4 estrelas;R$ 3443
Gustavo;SAO;NAT;4 dias;3 estrelas;R$ 8232
Laura;CWB;REC;2 dias;2 estrelas;R$ 6788
Larissa;POA;SSA;1 dias;2 estrelas;R$ 9829
Eduardo;SSA;FOR;1 dias;2 estrelas;R$ 6546
Fernando;FOR;VIX;2 dias;4 estrelas;R$ 1662
Gabriel;SAO;PMW;1 dias;4 estrelas;R$ 8501
Thiago;SAO;NAT;4 dias;4 estrelas;R$ 9826
Anna;CWB;REC;4 dias;3 estrelas;R$ 1933
Anna;CWB;PMW;2 dias;5 estrelas;R$ 8547
Fernando;BSB;NAT;2 dias;4 estrelas;R$ 8858
Thiago;REC;MAO;3 dias;5 estrelas;R$ 7104
Isadora;PMW;POA;3 dias;1 estrelas;R$ 9925
Lucas;SAO;VIX;2 dias;3 estrelas;R$ 2756
Gabriel;RIO;SAO;2 dias;4 estrelas;R$ 9781
Gustavo;NAT;RIO;1 dias;5 estrelas;R$ 3809
Mateus;SAO;NAT;5 dias;2 estrelas;R$ 1317
Rafael;NAT;RIO;2 dias;2 estrelas;R$ 7909
Pedro;POA;SAO;3 dias;4 estrelas;R$ 3687
Maria;BHZ;CWB;1 dias;5 estrelas;R$ 1697
Larissa;SSA;PMW;2 dias;2 estrelas;R$ 7286
Gustavo;BHZ;REC;4 dias;3 estrelas;R$ 7960
Felipe;CWB;BHZ;1 dias;4 estrelas;R$ 8644
Davi;CWB;SAO;5 dias;1 estrelas;R$ 9075
Manuela;CWB;BSB;1 dias;4 estrelas;R$ 6931
Bruno;VIX;MAO;1 dias;2 estrelas;R$ 4555
Lucas;CWB;BHZ;4 dias;5 estrelas;R$ 3151
Bruno;PMW;POA;5 dias;1 estrelas;R$ 6341
Gustavo;VIX;POA;2 dias;4 estrelas;R$ 9590
Natalia;PMW;BSB;2 dias;4 estrelas;R$ 5868
João;MAO;FOR;5 dias;4 estrelas;R$ 3362
Natalia;CWB;BHZ;3 dias;4 estrelas;R$ 5615
Mariana;FOR;REC;2 dias;5 estrelas;R$ 1144
Anna;RIO;BHZ;4 dias;1 estrelas;R$ 7973
Juliana;FOR;PMW;2 dias;5 estrelas;R$ 8390
Thiago;MAO;FOR;3 dias;4 estrelas;R$ 2730
Juliana;BHZ;VIX;4 dias;1 estrelas;R$ 6926
Leonardo;REC;BSB;5 dias;1 estrelas;R$ 9378
Thiago;FOR;POA;1 dias;5 estrelas;R$ 4462
Lucas;RIO;BSB;4 dias;2 estrelas;R$ 8660
Vitor;SAO;PMW;5 dias;4 estrelas;R$ 7036
Thiago;SAO;REC;2 dias;5 estrelas;R$ 9147
Lucas;BHZ;VIX;3 dias;4 estrelas;R$ 6824
Camila;SSA;FOR;5 dias;5 estrelas;R$ 9266
Larissa;VIX;SSA;3 dias;2 estrelas;R$ 7372
Bruno;BHZ;MAO;1 dias;1 estrelas;R$ 9682
Fernando;BHZ;NAT;5 dias;5 estrelas;R$ 2777
Pedro;VIX;NAT;4 dias;2 estrelas;R$ 7262
João;PMW;CWB;5 dias;3 estrelas;R$ 8732
Lucas;POA;SAO;1 dias;5 estrelas;R$ 8525
Lucas;RIO;SAO;3 dias;3 estrelas;R$ 6228
Pedro;NAT;BHZ;2 dias;2 estrelas;R$ 3241
Juliana;MAO;REC;1 dias;1 estrelas;R$ 9650
Thiago;RIO;SSA;3 dias;4 estrelas;R$ 6698
Bruno;VIX;CWB;3 dias;4 estrelas;R$ 8335
Maria;MAO;REC;5 dias;2 estrelas;R$ 3244
Davi;FOR;MAO;3 dias;3 estrelas;R$ 3069
Juliana;VIX;NAT;3 dias;5 estrelas;R$ 6978
Mariana;PMW;BSB;2 dias;1 estrelas;R$ 9988
Camila;REC;PMW;5 dias;4 estrelas;R$ 8122
Juliana;BSB;BHZ;4 dias;2 estrelas;R$ 2541
Mariana;MAO;BSB;3 dias;4 estrelas;R$ 6372
Rafael;POA;SSA;4 dias;4 estrelas;R$ 9380
Vinicius;NAT;REC;4 dias;1 estrelas;R$ 3113
Sophia;VIX;SSA;1 dias;2 estrelas;R$ 5215
Clara;POA;SAO;2 dias;4 estrelas;R$ 5705
Felipe;BSB;VIX;2 dias;1 estrelas;R$ 2818
Vitor;SAO;BHZ;5 dias;2 estrelas;R$ 2670
Sophia;PMW;BSB;2 dias;5 estrelas;R$ 6217
Natalia;BHZ;VIX;3 dias;3 estrelas;R$ 1492
Manuela;MAO;REC;4 dias;5 estrelas;R$ 2936
Laura;BSB;PMW;1 dias;1 estrelas;R$ 5636
Thiago;BSB;SAO;3 dias;1 estrelas;R$ 3115
Fernando;REC;BHZ;5 dias;1 estrelas;R$ 8678
Vinicius;CWB;RIO;3 dias;3 estrelas;R$ 8105
Isabela;VIX;REC;2 dias;1 estrelas;R$ 6270
Vinicius;MAO;REC;4 dias;1 estrelas;R$ 9271
Clara;VIX;NAT;5 dias;2 estrelas;R$ 8708
Davi;VIX;BSB;1 dias;1 estrelas;R$ 4544
Larissa;SSA;RIO;3 dias;2 estrelas;R$ 5883
Lucas;REC;CWB;5 dias;2 estrelas;R$ 6149
Beatriz;VIX;MAO;2 dias;3 estrelas;R$ 3623
Juliana;NAT;POA;4 dias;1 estrelas;R$ 1511
Laura;BHZ;FOR;4 dias;2 estrelas;R$ 2849
Gustavo;PMW;MAO;2 dias;4 estrelas;R$ 7595
Laura;PMW;BSB;2 dias;4 estrelas;R$ 4424
Larissa;SAO;BHZ;3 dias;3 estrelas;R$ 5510
Natalia;PMW;BHZ;3 dias;3 estrelas;R$ 9330
Lucas;NAT;VIX;2 dias;3 estrelas;R$ 5087
Anna;REC;VIX;1 dias;5 estrelas;R$ 5519
Eduardo;CWB;RIO;1 dias;2 estrelas;R$ 9740
Laura;CWB;SAO;5 dias;2 estrelas;R$ 9132
Eduardo;NAT;BHZ;2 dias;1 estrelas;R$ 3660
Leonardo;RIO;NAT;4 dias;4 estrelas;R$ 4293
Mariana;RIO;VIX;1 dias;4 estrelas;R$ 3035
Laura;REC;VIX;4 dias;1 estrelas;R$ 1217
Leonardo;FOR;REC;3 dias;1 estrelas;R$ 8740
Laura;POA;FOR;4 dias;5 estrelas;R$ 9945
Maria;REC;CWB;4 dias;3 estrelas;R$ 5446
Camila;PMW;BSB;5 dias;4 estrelas;R$ 4867
Mariana;SSA;FOR;2 dias;2 estrelas;R$ 8549
Bruno;BSB;NAT;3 dias;1 estrelas;R$ 2252
Thiago;REC;RIO;2 dias;1 estrelas;R$ 9702
Beatriz;BSB;BHZ;3 dias;2 estrelas;R$ 4316
Laura;PMW;NAT;2 dias;1 estrelas;R$ 1507
Gustavo;RIO;BSB;2 dias;4 estrelas;R$ 9740
Isadora;POA;REC;5 dias;4 estrelas;R$ 8242
Lucas;POA;PMW;2 dias;4 estrelas;R$ 2680
Bruno;PMW;REC;1 dias;5 estrelas;R$ 4738
Larissa;CWB;RIO;4 dias;4 estrelas;R$ 8431
Fernando;VIX;SSA;2 dias;1 estrelas;R$ 2095
Leonardo;CWB;PMW;1 dias;2 estrelas;R$ 9876
Isadora;BHZ;BSB;3 dias;3 estrelas;R$ 5530
Clara;NAT;SSA;3 dias;5 estrelas;R$ 4950
Eduardo;FOR;BSB;1 dias;3 estrelas;R$ 4726
Camila;CWB;BSB;3 dias;2 estrelas;R$ 6291
Fernando;BSB;MAO;1 dias;5 estrelas;R$ 3388
Sophia;RIO;SAO;5 dias;5 estrelas;R$ 3899
Clara;CWB;NAT;4 dias;1 estrelas;R$ 7505
Gustavo;RIO;MAO;4 dias;5 estrelas;R$ 5980
Maria;BSB;REC;3 dias;5 estrelas;R$ 5848
Lucas;BSB;RIO;2 dias;3 estrelas;R$ 2624
Pedro;CWB;NAT;3 dias;4 estrelas;R$ 5366
Isabela;CWB;SAO;4 dias;1 estrelas;R$ 6433
Vinicius;NAT;BSB;3 dias;4 estrelas;R$ 5174
Lucas;REC;VIX;2 dias;2 estrelas;R$ 7777
Bruno;POA;VIX;3 dias;3 estrelas;R$ 2348
Thiago;RIO;NAT;4 dias;1 estrelas;R$ 5210
Manuela;PMW;BSB;2 dias;5 estrelas;R$ 7039
Maria;CWB;RIO;1 dias;2 estrelas;R$ 6911
Mariana;FOR;MAO;1 dias;5 estrelas;R$ 6341
Beatriz;REC;CWB;3 dias;3 estrelas;R$ 4320
Gustavo;FOR;SSA;1 dias;5 estrelas;R$ 2620
Leonardo;CWB;PMW;1 dias;4 estrelas;R$ 3523
Gabriel;BHZ;REC;3 dias;5 estrelas;R$ 2451
Vinicius;FOR;MAO;5 dias;4 estrelas;R$ 8428
Rodrigo;NAT;REC;5 dias;4 estrelas;R$ 1682
Gustavo;PMW;BHZ;4 dias;2 estrelas;R$ 4008
Davi;POA;SSA;5 dias;5 estrelas;R$ 4554
Thiago;REC;MAO;1 dias;4 estrelas;R$ 5968
Anna;SAO;POA;2 dias;1 estrelas;R$ 7953
Sophia;VIX;FOR;1 dias;5 estrelas;R$ 7477
Lucas;PMW;SAO;1 dias;3 estrelas;R$ 9923
Camila;BSB;MAO;2 dias;4 estrelas;R$ 1468
Rodrigo;PMW;VIX;2 dias;4 estrelas;R$ 7924
Rodrigo;BSB;CWB;1 dias;1 estrelas;R$ 1735
Pedro;FOR;MAO;1 dias;3 estrelas;R$ 9464
Felipe;MAO;RIO;2 dias;3 estrelas;R$ 1267
Rafael;REC;BHZ;4 dias;4 estrelas;R$ 8429
Laura;VIX;MAO;5 dias;4 estrelas;R$ 7596
Manuela;SAO;BSB;3 dias;1 estrelas;R$ 2911
Davi;RIO;BHZ;5 dias;5 estrelas;R$ 9691
Fernando;FOR;SAO;4 dias;4 estrelas;R$ 6785
Vitor;POA;SSA;3 dias;5 estrelas;R$ 5749
Larissa;BSB;NAT;1 dias;4 estrelas;R$ 8280
Fernando;REC;BSB;3 dias;5 estrelas;R$ 9595
Juliana;BHZ;POA;2 dias;3 estrelas;R$ 3963
Gabriel;BHZ;POA;1 dias;3 estrelas;R$ 6077
Juliana;VIX;SAO;4 dias;3 estrelas;R$ 3294
Bruno;POA;FOR;2 dias;5 estrelas;R$ 5770
Laura;VIX;BHZ;3 dias;4 estrelas;R$ 8072
Lucas;POA;RIO;2 dias;3 estrelas;R$ 7562
Gabriel;RIO;PMW;1 dias;2 estrelas;R$ 3912
Larissa;RIO;NAT;3 dias;5 estrelas;R$ 9740
Isabela;SAO;NAT;1 dias;1 estrelas;R$ 6700
Sophia;MAO;VIX;3 dias;5 estrelas;R$ 3841
Anna;MAO;REC;3 dias;2 estrelas;R$ 6215
Laura;MAO;POA;2 dias;1 estrelas;R$ 5876
Natalia;SSA;VIX;2 dias;2 estrelas;R$ 5517
Gustavo;SSA;BSB;4 dias;3 estrelas;R$ 4640
Natalia;REC;CWB;1 dias;2 estrelas;R$ 3908
João;BSB;SSA;4 dias;4 estrelas;R$ 9432
Gabriel;SAO;NAT;3 dias;2 estrelas;R$ 4387
Fernando;BHZ;VIX;1 dias;1 estrelas;R$ 5485
Clara;BHZ;FOR;2 dias;5 estrelas;R$ 8741
Bruno;PMW;VIX;5 dias;3 estrelas;R$ 4829
Lucas;VIX;CWB;4 dias;2 estrelas;R$ 9223
Larissa;BHZ;MAO;5 dias;4 estrelas;R$ 7205
Maria;POA;REC;2 dias;5 estrelas;R$ 7395
Gabriel;SAO;POA;2 dias;4 estrelas;R$ 8487
Natalia;NAT;PMW;3 dias;4 estrelas;R$ 6802
Rafael;MAO;PMW;5 dias;2 estrelas;R$ 5336
Mariana;BHZ;MAO;4 dias;3 estrelas;R$ 3329
Lucas;MAO;PMW;2 dias;1 estrelas;R$ 2107
Pedro;SSA;FOR;2 dias;2 estrelas;R$ 5630
João;SSA;FOR;3 dias;5 estrelas;R$ 3348
Vinicius;BHZ;SSA;3 dias;1 estrelas;R$ 6705
Natalia;PMW;REC;5 dias;1 estrelas;R$ 5770
Clara;VIX;BSB;4 dias;4 estrelas;R$ 5095
Beatriz;POA;RIO;1 dias;4 estrelas;R$ 9499
Isadora;NAT;SSA;2 dias;1 estrelas;R$ 6911
Leonardo;CWB;SSA;3 dias;5 estrelas;R$ 2385
Clara;SAO;REC;3 dias;1 estrelas;R$ 7159
Mariana;BSB;PMW;2 dias;1 estrelas;R$ 5393
Lucas;MAO;SSA;2 dias;3 estrelas;R$ 3902
Camila;SAO;PMW;4 dias;3 estrelas;R$ 5818
Larissa;BHZ;BSB;2 dias;5 estrelas;R$ 5880
Isabela;SAO;MAO;3 dias;2 estrelas;R$ 4086
Fernando;SSA;NAT;3 dias;2 estrelas;R$ 6004
Camila;RIO;BSB;5 dias;5 estrelas;R$ 6107
Rafael;FOR;MAO;2 dias;5 estrelas;R$ 3040
Pedro;RIO;POA;5 dias;5 estrelas;R$ 1206
Mariana;MAO;VIX;1 dias;1 estrelas;R$ 2408
Rodrigo;BHZ;REC;3 dias;3 estrelas;R$ 9194
Rafael;PMW;POA;2 dias;4 estrelas;R$ 2332
Juliana;FOR;CWB;2 dias;3 estrelas;R$ 4939
Eduardo;CWB;BSB;5 dias;4 estrelas;R$ 2027
Gustavo;BSB;CWB;4 dias;2 estrelas;R$ 5067
Fernando;BSB;MAO;5 dias;5 estrelas;R$ 1143
Clara;VIX;NAT;3 dias;4 estrelas;R$ 6022
Gustavo;REC;PMW;3 dias;3 estrelas;R$ 9838
Gabriel;RIO;FOR;5 dias;2 estrelas;R$ 7648
Isadora;REC;CWB;5 dias;4 estrelas;R$ 8795
Vinicius;FOR;PMW;3 dias;2 estrelas;R$ 7962
Juliana;PMW;CWB;5 dias;1 estrelas;R$ 4368
Natalia;CWB;SAO;1 dias;5 estrelas;R$ 6289
Bruno;VIX;BSB;1 dias;2 estrelas;R$ 1876
Lucas;MAO;SAO;4 dias;3 estrelas;R$ 8248
Laura;PMW;SSA;3 dias;1 estrelas;R$ 7091
Bruno;VIX;POA;4 dias;4 estrelas;R$ 6072
Beatriz;BSB;FOR;4 dias;4 estrelas;R$ 9200
Maria;MAO;FOR;1 dias;2 estrelas;R$ 1649
Isabela;VIX;POA;3 dias;1 estrelas;R$ 4336
Lucas;NAT;SAO;4 dias;5 estrelas;R$ 9195
Mariana;NAT;FOR;1 dias;3 estrelas;R$ 9733
Larissa;MAO;SAO;3 dias;1 estrelas;R$ 3360
Gabriel;REC;PMW;3 dias;4 estrelas;R$ 3397
Pedro;VIX;BHZ;3 dias;2 estrelas;R$ 1743
João;NAT;REC;1 dias;3 estrelas;R$ 1844
Larissa;NAT;BHZ;1 dias;5 estrelas;R$ 1818
Lucas;POA;VIX;3 dias;4 estrelas;R$ 8979
Isabela;PMW;FOR;4 dias;3 estrelas;R$ 6591
Isabela;PMW;SSA;3 dias;1 estrelas;R$ 6265
Maria;NAT;RIO;5 dias;2 estrelas;R$ 6462
Larissa;FOR;MAO;2 dias;5 estrelas;R$ 4805
Mateus;FOR;POA;4 dias;4 estrelas;R$ 5783
Thiago;MAO;REC;5 dias;1 estrelas;R$ 2880
Larissa;RIO;PMW;4 dias;2 estrelas;R$ 1016
Lucas;FOR;POA;4 dias;4 estrelas;R$ 5930
Isabela;VIX;SSA;3 dias;3 estrelas;R$ 8590
Leonardo;CWB;RIO;4 dias;4 estrelas;R$ 7282
Larissa;NAT;FOR;1 dias;3 estrelas;R$ 3494
Larissa;RIO;PMW;1 dias;5 estrelas;R$ 3163
Natalia;BSB;PMW;2 dias;3 estrelas;R$ 6625
Gustavo;MAO;CWB;4 dias;2 estrelas;R$ 2028
Vitor;NAT;CWB;1 dias;1 estrelas;R$ 5869
Davi;VIX;BHZ;3 dias;2 estrelas;R$ 4750
Camila;BSB;FOR;1 dias;4 estrelas;R$ 2208
Pedro;POA;VIX;4 dias;1 estrelas;R$ 3615
Natalia;SSA;REC;4 dias;1 estrelas;R$ 1539
Thiago;MAO;POA;5 dias;4 estrelas;R$ 4010
Thiago;VIX;PMW;2 dias;3 estrelas;R$ 6035
Beatriz;REC;SAO;4 dias;5 estrelas;R$ 6684
Sophia;BSB;PMW;3 dias;1 estrelas;R$ 6809
Maria;BHZ;FOR;1 dias;4 estrelas;R$ 6360
Davi;BSB;NAT;4 dias;4 estrelas;R$ 1346
Larissa;RIO;NAT;1 dias;2 estrelas;R$ 3827
João;SAO;REC;4 dias;1 estrelas;R$ 7794
Gabriel;PMW;VIX;5 dias;5 estrelas;R$ 2627
Anna;CWB;REC;4 dias;1 estrelas;R$ 4207
Mariana;NAT;RIO;5 dias;5 estrelas;R$ 9275
Fernando;MAO;BHZ;2 dias;3 estrelas;R$ 4698
Thiago;SSA;REC;3 dias;4 estrelas;R$ 3656
Beatriz;FOR;MAO;2 dias;1 estrelas;R$ 4721
Eduardo;NAT;BSB;4 dias;1 estrelas;R$ 1463
Mateus;BHZ;FOR;3 dias;1 estrelas;R$ 6631
Rodrigo;NAT;VIX;3 dias;3 estrelas;R$ 8771
Gabriel;BHZ;SAO;5 dias;2 estrelas;R$ 7746
Leonardo;BSB;VIX;4 dias;4 estrelas;R$ 6446
Bruno;BSB;MAO;3 dias;3 estrelas;R$ 9445
Lucas;PMW;SAO;1 dias;5 estrelas;R$ 1576
Mateus;MAO;NAT;5 dias;3 estrelas;R$ 8094
Clara;NAT;FOR;4 dias;5 estrelas;R$ 5465
Rafael;BSB;RIO;3 dias;4 estrelas;R$ 3785
Maria;BHZ;PMW;5 dias;2 estrelas;R$ 7609
Gabriel;PMW;VIX;4 dias;2 estrelas;R$ 4260
Isadora;FOR;BSB;1 dias;3 estrelas;R$ 8049
Gustavo;REC;BHZ;1 dias;5 estrelas;R$ 2601
Leonardo;SAO;MAO;5 dias;5 estrelas;R$ 7496
Gustavo;RIO;FOR;3 dias;2 estrelas;R$ 3747
Camila;POA;FOR;3 dias;4 estrelas;R$ 9687
Thiago;SSA;PMW;2 dias;1 estrelas;R$ 3446
Mariana;FOR;REC;5 dias;1 estrelas;R$ 9887
Larissa;NAT;POA;1 dias;2 estrelas;R$ 8557
Gustavo;CWB;POA;2 dias;5 estrelas;R$ 8379
Leonardo;POA;SAO;3 dias;2 estrelas;R$ 2628
Lucas;NAT;BSB;3 dias;1 estrelas;R$ 1459